{"lr": 0.00022526838490329396, "data_time": 1.351254367828369, "grad_norm": Infinity, "loss": 0.3005594995617866, "loss_cls": 0.09967885732650757, "loss_bbox": 0.17964022144675254, "loss_dir": 0.021240421328693627, "time": 1.8376623487472534, "epoch": 1, "iter": 50, "memory": 3132, "step": 50}
{"lr": 0.0002260955433710382, "data_time": 0.0026209878921508788, "grad_norm": 1.0588494646549225, "loss": 0.2878475654125214, "loss_cls": 0.09370991602540016, "loss_bbox": 0.17596798345446588, "loss_dir": 0.018169668558984994, "time": 0.265365891456604, "epoch": 1, "iter": 100, "memory": 3145, "step": 100}
{"lr": 0.00022748153516728362, "data_time": 0.0024447727203369143, "grad_norm": 0.9215426695346832, "loss": 0.25582850754261016, "loss_cls": 0.08205991178750992, "loss_bbox": 0.15758972913026809, "loss_dir": 0.01617886932566762, "time": 0.2675578546524048, "epoch": 1, "iter": 150, "memory": 3147, "step": 150}
{"lr": 0.00022942627313215017, "data_time": 0.0029464483261108397, "grad_norm": 0.8048687422275543, "loss": 0.26462441772222517, "loss_cls": 0.0841918171197176, "loss_bbox": 0.16399879083037378, "loss_dir": 0.016433810954913496, "time": 0.2658845853805542, "epoch": 1, "iter": 200, "memory": 3137, "step": 200}
{"lr": 0.00023192963496818444, "data_time": 0.0026273298263549804, "grad_norm": 0.8303647369146347, "loss": 0.2603008258342743, "loss_cls": 0.08046332851052285, "loss_bbox": 0.16379562348127366, "loss_dir": 0.016041874238289892, "time": 0.26866878986358644, "epoch": 1, "iter": 250, "memory": 3134, "step": 250}
{"lr": 0.00023499146324815548, "data_time": 0.002203807830810547, "grad_norm": 0.7710775119066239, "loss": 0.25547109931707385, "loss_cls": 0.07926575966179371, "loss_bbox": 0.16122613072395325, "loss_dir": 0.014979211119934917, "time": 0.26950846195220945, "epoch": 1, "iter": 300, "memory": 3187, "step": 300}
{"lr": 0.00023861156542492531, "data_time": 0.005375213623046875, "grad_norm": 0.7176262760162353, "loss": 0.2631035232543945, "loss_cls": 0.08309619665145875, "loss_bbox": 0.16507288172841073, "loss_dir": 0.014934444664977491, "time": 0.2723360967636108, "epoch": 1, "iter": 350, "memory": 3130, "step": 350}
{"lr": 0.00024278971384357126, "data_time": 0.00320648193359375, "grad_norm": 0.6800542312860489, "loss": 0.24783722519874574, "loss_cls": 0.07627270363271237, "loss_bbox": 0.15560623228549958, "loss_dir": 0.015958289904519914, "time": 0.2717689418792725, "epoch": 1, "iter": 400, "memory": 3192, "step": 400}
{"lr": 0.0002475256457557008, "data_time": 0.0028240442276000976, "grad_norm": 0.8194626724720001, "loss": 0.261007664501667, "loss_cls": 0.08084763392806053, "loss_bbox": 0.1633382722735405, "loss_dir": 0.016821758495643734, "time": 0.2712664794921875, "epoch": 1, "iter": 450, "memory": 3126, "step": 450}
{"lr": 0.00025281906333595935, "data_time": 0.0034104251861572267, "grad_norm": 0.7072054845094681, "loss": 0.25559179902076723, "loss_cls": 0.07978994868695737, "loss_bbox": 0.1596182356774807, "loss_dir": 0.016183613426983358, "time": 0.2708604955673218, "epoch": 1, "iter": 500, "memory": 3159, "step": 500}
{"lr": 0.0002586696337007373, "data_time": 0.0026981782913208007, "grad_norm": 0.7629601192474366, "loss": 0.24843234419822693, "loss_cls": 0.07956665389239788, "loss_bbox": 0.15507467404007913, "loss_dir": 0.013791018021292985, "time": 0.2727059745788574, "epoch": 1, "iter": 550, "memory": 3145, "step": 550}
{"lr": 0.00026507698892917417, "data_time": 0.0019882726669311524, "grad_norm": 0.723305288553238, "loss": 0.2602752807736397, "loss_cls": 0.07966393359005451, "loss_bbox": 0.16377287805080415, "loss_dir": 0.01683846860192716, "time": 0.2703653287887573, "epoch": 1, "iter": 600, "memory": 3162, "step": 600}
{"lr": 0.0002720407260862513, "data_time": 0.00271820068359375, "grad_norm": 0.6902160543203354, "loss": 0.2559807488322258, "loss_cls": 0.0786643648147583, "loss_bbox": 0.16097843676805496, "loss_dir": 0.01633794862776995, "time": 0.2722469663619995, "epoch": 1, "iter": 650, "memory": 3134, "step": 650}
{"lr": 0.00027956040724809797, "data_time": 0.0023159217834472657, "grad_norm": 0.6833558493852615, "loss": 0.24543777585029602, "loss_cls": 0.07729619815945625, "loss_bbox": 0.15271074518561364, "loss_dir": 0.015430831662379206, "time": 0.26912240505218504, "epoch": 1, "iter": 700, "memory": 3160, "step": 700}
{"lr": 0.00028763555952962885, "data_time": 0.0023276233673095704, "grad_norm": 0.6544364511966705, "loss": 0.2511196708679199, "loss_cls": 0.08016946986317634, "loss_bbox": 0.15600850611925124, "loss_dir": 0.01494169544428587, "time": 0.2702955341339111, "epoch": 1, "iter": 750, "memory": 3143, "step": 750}
{"lr": 0.00029626567511414903, "data_time": 0.0019647502899169922, "grad_norm": 0.6559930157661438, "loss": 0.24920955896377564, "loss_cls": 0.07915796384215355, "loss_bbox": 0.1552297505736351, "loss_dir": 0.014821844901889562, "time": 0.2706094694137573, "epoch": 1, "iter": 800, "memory": 3133, "step": 800}
{"lr": 0.00030545021128540115, "data_time": 0.0022159767150878905, "grad_norm": 0.6002267354726791, "loss": 0.2508489653468132, "loss_cls": 0.0762923476099968, "loss_bbox": 0.15972841992974282, "loss_dir": 0.01482819626107812, "time": 0.27174981117248537, "epoch": 1, "iter": 850, "memory": 3159, "step": 850}
{"lr": 0.0003151885904616597, "data_time": 0.0018082523345947265, "grad_norm": 0.69976508975029, "loss": 0.23456916838884354, "loss_cls": 0.07144978493452073, "loss_bbox": 0.14804336056113243, "loss_dir": 0.015076022646389901, "time": 0.2700271415710449, "epoch": 1, "iter": 900, "memory": 3152, "step": 900}
{"lr": 0.0003254802002320249, "data_time": 0.003021092414855957, "grad_norm": 0.6451603317260742, "loss": 0.24647158294916152, "loss_cls": 0.07331959396600723, "loss_bbox": 0.15809614479541778, "loss_dir": 0.015055841240100563, "time": 0.2716108989715576, "epoch": 1, "iter": 950, "memory": 3135, "step": 950}
{"lr": 0.00033632439339498915, "data_time": 0.003052935600280762, "grad_norm": 0.5818757158517838, "loss": 0.24075282096862793, "loss_cls": 0.07473012827336788, "loss_bbox": 0.15341884523630142, "loss_dir": 0.012603848073631525, "time": 0.2696209764480591, "epoch": 1, "iter": 1000, "memory": 3148, "step": 1000}
{"lr": 0.0003477204879990606, "data_time": 0.0034846067428588867, "grad_norm": 0.5954755026102067, "loss": 0.244460326731205, "loss_cls": 0.07618922092020512, "loss_bbox": 0.15439853191375733, "loss_dir": 0.013872574795968831, "time": 0.27298794746398924, "epoch": 1, "iter": 1050, "memory": 3129, "step": 1050}
{"lr": 0.0003596677673857289, "data_time": 0.0024442672729492188, "grad_norm": 0.5868953168392181, "loss": 0.25543674528598787, "loss_cls": 0.07983564019203186, "loss_bbox": 0.16079877093434333, "loss_dir": 0.014802334802225233, "time": 0.27084572315216066, "epoch": 1, "iter": 1100, "memory": 3177, "step": 1100}
{"lr": 0.0003721654802344848, "data_time": 0.003194103240966797, "grad_norm": 0.5938371104001999, "loss": 0.25391616106033327, "loss_cls": 0.07961069881916046, "loss_bbox": 0.15874505311250686, "loss_dir": 0.01556041045114398, "time": 0.2709088373184204, "epoch": 1, "iter": 1150, "memory": 3154, "step": 1150}
{"lr": 0.0003852128406100809, "data_time": 0.002117877006530762, "grad_norm": 0.5539105468988419, "loss": 0.233179592192173, "loss_cls": 0.07128881260752679, "loss_bbox": 0.1476685133576393, "loss_dir": 0.014222268820740283, "time": 0.2737792110443115, "epoch": 1, "iter": 1200, "memory": 3169, "step": 1200}
{"Kitti metric/pred_instances_3d/KITTI/Car_3D_AP11_easy_strict": 88.6793, "Kitti metric/pred_instances_3d/KITTI/Car_BEV_AP11_easy_strict": 90.0488, "Kitti metric/pred_instances_3d/KITTI/Car_2D_AP11_easy_strict": 94.57, "Kitti metric/pred_instances_3d/KITTI/Car_3D_AP11_moderate_strict": 78.3938, "Kitti metric/pred_instances_3d/KITTI/Car_BEV_AP11_moderate_strict": 87.2354, "Kitti metric/pred_instances_3d/KITTI/Car_2D_AP11_moderate_strict": 89.7637,