{"lr": 0.0018002446039624802, "data_time": 1.347834086418152, "grad_norm": 0.7980785554647446, "loss": 0.27322977781295776, "loss_cls": 0.08274815618991851, "loss_bbox": 0.1731671179831028, "loss_dir": 0.01731450735591352, "time": 1.844540343284607, "epoch": 1, "iter": 50, "memory": 3132, "step": 50}
{"lr": 0.001800998469907774, "data_time": 0.0035754680633544923, "grad_norm": 0.6136708283424377, "loss": 0.28753347516059874, "loss_cls": 0.08900442898273468, "loss_bbox": 0.17865112647414208, "loss_dir": 0.019877918399870395, "time": 0.266143856048584, "epoch": 1, "iter": 100, "memory": 3162, "step": 100}
{"lr": 0.0018022616523043662, "data_time": 0.0024556541442871094, "grad_norm": 0.6058309370279312, "loss": 0.2643622496724129, "loss_cls": 0.08431374832987786, "loss_bbox": 0.1639422072470188, "loss_dir": 0.01610629592090845, "time": 0.2676857042312622, "epoch": 1, "iter": 150, "memory": 3169, "step": 150}
{"lr": 0.0018040340717153797, "data_time": 0.002767195701599121, "grad_norm": 0.6173912841081619, "loss": 0.2706914374232292, "loss_cls": 0.08203527361154556, "loss_bbox": 0.16957140430808068, "loss_dir": 0.01908476198092103, "time": 0.26726613521575926, "epoch": 1, "iter": 200, "memory": 3141, "step": 200}
{"lr": 0.0018063156166798627, "data_time": 0.002975659370422363, "grad_norm": 0.5625117379426956, "loss": 0.26745943337678907, "loss_cls": 0.07937909066677093, "loss_bbox": 0.17238111719489096, "loss_dir": 0.015699227249715477, "time": 0.26863584518432615, "epoch": 1, "iter": 250, "memory": 3156, "step": 250}
{"lr": 0.0018091061437198429, "data_time": 0.0028996753692626955, "grad_norm": 0.6220505267381669, "loss": 0.2679339927434921, "loss_cls": 0.0808863315731287, "loss_bbox": 0.16966151401400567, "loss_dir": 0.017386147119104862, "time": 0.2719358253479004, "epoch": 1, "iter": 300, "memory": 3160, "step": 300}
{"lr": 0.0018124054773493124, "data_time": 0.0024893665313720703, "grad_norm": 0.5590297710895539, "loss": 0.2727757436037064, "loss_cls": 0.0810354309529066, "loss_bbox": 0.174050322920084, "loss_dir": 0.017689990382641553, "time": 0.26999837398529053, "epoch": 1, "iter": 350, "memory": 3131, "step": 350}
{"lr": 0.0018162134100852996, "data_time": 0.0032935333251953125, "grad_norm": 0.6038188761472703, "loss": 0.26359146296978, "loss_cls": 0.08089857667684555, "loss_bbox": 0.1649531091749668, "loss_dir": 0.017739778384566307, "time": 0.2709512662887573, "epoch": 1, "iter": 400, "memory": 3117, "step": 400}
{"lr": 0.0018205297024609171, "data_time": 0.003158302307128906, "grad_norm": 0.626790115237236, "loss": 0.26368223786354067, "loss_cls": 0.08073982045054436, "loss_bbox": 0.16869839310646056, "loss_dir": 0.014244026336818934, "time": 0.27420036315917967, "epoch": 1, "iter": 450, "memory": 3121, "step": 450}
{"lr": 0.0018253540830403953, "data_time": 0.0034539127349853516, "grad_norm": 0.6061331933736801, "loss": 0.23765812277793885, "loss_cls": 0.07244035460054875, "loss_bbox": 0.15156158789992333, "loss_dir": 0.013656180687248706, "time": 0.27275551319122315, "epoch": 1, "iter": 500, "memory": 3127, "step": 500}
{"lr": 0.0018306862484361516, "data_time": 0.0030042266845703124, "grad_norm": 0.6197699362039566, "loss": 0.26880072116851805, "loss_cls": 0.07831768475472928, "loss_bbox": 0.17437007039785385, "loss_dir": 0.016112968605011702, "time": 0.2734069919586182, "epoch": 1, "iter": 550, "memory": 3129, "step": 550}
{"lr": 0.0018365258633279008, "data_time": 0.0026529550552368162, "grad_norm": 0.5763927394151688, "loss": 0.26888073921203615, "loss_cls": 0.082249955534935, "loss_bbox": 0.16962289452552795, "loss_dir": 0.01700788790360093, "time": 0.27306011199951175, "epoch": 1, "iter": 600, "memory": 3139, "step": 600}
{"lr": 0.0018428725604837208, "data_time": 0.00239959716796875, "grad_norm": 0.5449387615919113, "loss": 0.24499704748392104, "loss_cls": 0.07590877272188663, "loss_bbox": 0.1532021100819111, "loss_dir": 0.015886166654527186, "time": 0.2711448907852173, "epoch": 1, "iter": 650, "memory": 3180, "step": 650}
{"lr": 0.001849725940783125, "data_time": 0.0029392051696777344, "grad_norm": 0.5537453317642211, "loss": 0.25934546053409574, "loss_cls": 0.07929116629064083, "loss_bbox": 0.16150153383612634, "loss_dir": 0.01855276242829859, "time": 0.26846650600433347, "epoch": 1, "iter": 700, "memory": 3130, "step": 700}
{"lr": 0.0018570855732422155, "data_time": 0.002033042907714844, "grad_norm": 0.6036396592855453, "loss": 0.2688708844780922, "loss_cls": 0.08133139550685882, "loss_bbox": 0.17075932502746582, "loss_dir": 0.016780163794755935, "time": 0.2724285364151001, "epoch": 1, "iter": 750, "memory": 3145, "step": 750}
{"lr": 0.0018649509950407692, "data_time": 0.002787437438964844, "grad_norm": 0.5934170496463775, "loss": 0.25993293344974516, "loss_cls": 0.07662076063454151, "loss_bbox": 0.167396130412817, "loss_dir": 0.01591604250483215, "time": 0.26962522983551024, "epoch": 1, "iter": 800, "memory": 3162, "step": 800}
{"lr": 0.0018733217115512873, "data_time": 0.0031064367294311524, "grad_norm": 0.5302539312839508, "loss": 0.25396745294332507, "loss_cls": 0.07336151130497455, "loss_bbox": 0.16469799533486365, "loss_dir": 0.015907946706283836, "time": 0.2708025503158569, "epoch": 1, "iter": 850, "memory": 3152, "step": 850}
{"lr": 0.0018821971963701514, "data_time": 0.0027903318405151367, "grad_norm": 0.6002097976207733, "loss": 0.27737901091575623, "loss_cls": 0.08644270800054073, "loss_bbox": 0.17330791234970092, "loss_dir": 0.01762838812544942, "time": 0.27182482719421386, "epoch": 1, "iter": 900, "memory": 3150, "step": 900}
{"lr": 0.0018915768913507457, "data_time": 0.0024682283401489258, "grad_norm": 0.5963640576601028, "loss": 0.2577740788459778, "loss_cls": 0.0786671781539917, "loss_bbox": 0.16335549905896188, "loss_dir": 0.015751402843743562, "time": 0.2737930345535278, "epoch": 1, "iter": 950, "memory": 3180, "step": 950}
{"lr": 0.0019014602066384917, "data_time": 0.002806720733642578, "grad_norm": 0.5510989385843277, "loss": 0.26679463326931, "loss_cls": 0.08093485213816166, "loss_bbox": 0.169449632614851, "loss_dir": 0.016410147873684763, "time": 0.2724711561203003, "epoch": 1, "iter": 1000, "memory": 3146, "step": 1000}
{"lr": 0.0019118465207080167, "data_time": 0.0019579172134399415, "grad_norm": 0.5632073765993119, "loss": 0.26055312633514405, "loss_cls": 0.07768072754144668, "loss_bbox": 0.1668497444689274, "loss_dir": 0.016022655526176096, "time": 0.27296603679656983, "epoch": 1, "iter": 1050, "memory": 3157, "step": 1050}
{"lr": 0.0019227351804022054, "data_time": 0.0022627401351928713, "grad_norm": 0.6328863787651062, "loss": 0.2703013405203819, "loss_cls": 0.08097043499350548, "loss_bbox": 0.17201835587620734, "loss_dir": 0.017312547946348785, "time": 0.27277623653411864, "epoch": 1, "iter": 1100, "memory": 3125, "step": 1100}
{"lr": 0.001934125500973223, "data_time": 0.002025094032287598, "grad_norm": 0.5937008970975876, "loss": 0.26938259571790696, "loss_cls": 0.0830154824256897, "loss_bbox": 0.16964432135224342, "loss_dir": 0.016722793034277858, "time": 0.27056695461273195, "epoch": 1, "iter": 1150, "memory": 3150, "step": 1150}
{"lr": 0.0019460167661256786, "data_time": 0.0027571868896484374, "grad_norm": 0.5628711324930191, "loss": 0.26055589139461516, "loss_cls": 0.07965303625911474, "loss_bbox": 0.1638096107542515, "loss_dir": 0.01709324534982443, "time": 0.2724332284927368, "epoch": 1, "iter": 1200, "memory": 3145, "step": 1200}
{"Kitti metric/pred_instances_3d/KITTI/Car_3D_AP11_easy_strict": 87.9356, "Kitti metric/pred_instances_3d/KITTI/Car_BEV_AP11_easy_strict": 90.1168, "Kitti metric/pred_instances_3d/KITTI/Car_2D_AP11_easy_strict": 95.137, "Kitti metric/pred_instances_3d/KITTI/Car_3D_AP11_moderate_strict": 77.51, "Kitti metric/pred_instances_3d/KITTI/Car_BEV_AP11_moderate_strict": 86.6494, "Kitti metric/pred_instances_3d/KITTI/Car_2D_AP11_moderate_strict": 89.4079,