{"lr": 0.0018002446039624802, "data_time": 1.3953624057769776, "grad_norm": Infinity, "loss": 0.329413066804409, "loss_cls": 0.10554285392165184, "loss_bbox": 0.19936323523521424, "loss_dir": 0.02450697962194681, "time": 1.8930305099487306, "epoch": 1, "iter": 50, "memory": 3141, "step": 50}
{"lr": 0.001800998469907774, "data_time": 0.003232860565185547, "grad_norm": 0.613897578716278, "loss": 0.2786537256836891, "loss_cls": 0.08636072978377342, "loss_bbox": 0.1736394050717354, "loss_dir": 0.018653593258932233, "time": 0.26934534549713135, "epoch": 1, "iter": 100, "memory": 3184, "step": 100}
{"lr": 0.0018022616523043662, "data_time": 0.003974347114562988, "grad_norm": 0.5879979813098908, "loss": 0.2779909124970436, "loss_cls": 0.08698781408369541, "loss_bbox": 0.17443782433867455, "loss_dir": 0.01656527346931398, "time": 0.2682046842575073, "epoch": 1, "iter": 150, "memory": 3139, "step": 150}
{"lr": 0.0018040340717153797, "data_time": 0.0038041925430297853, "grad_norm": 0.5813234341144562, "loss": 0.27971941709518433, "loss_cls": 0.08685903154313564, "loss_bbox": 0.17441827774047852, "loss_dir": 0.01844210670795292, "time": 0.27148776054382323, "epoch": 1, "iter": 200, "memory": 3170, "step": 200}
{"lr": 0.0018063156166798627, "data_time": 0.00388364315032959, "grad_norm": 0.5789968365430832, "loss": 0.2575340703129768, "loss_cls": 0.07930502846837044, "loss_bbox": 0.16105131074786186, "loss_dir": 0.017177733574062586, "time": 0.2723158884048462, "epoch": 1, "iter": 250, "memory": 3138, "step": 250}
{"lr": 0.0018091061437198429, "data_time": 0.003942723274230957, "grad_norm": 0.5548177206516266, "loss": 0.26476082116365435, "loss_cls": 0.07838475026190281, "loss_bbox": 0.16881600707769395, "loss_dir": 0.017560063120909034, "time": 0.27616559505462646, "epoch": 1, "iter": 300, "memory": 3124, "step": 300}
{"lr": 0.0018124054773493124, "data_time": 0.0035449981689453123, "grad_norm": 0.6347171884775161, "loss": 0.2571929320693016, "loss_cls": 0.07896069645881652, "loss_bbox": 0.16134440362453462, "loss_dir": 0.016887833969667553, "time": 0.274909348487854, "epoch": 1, "iter": 350, "memory": 3143, "step": 350}
{"lr": 0.0018162134100852996, "data_time": 0.003701062202453613, "grad_norm": 0.6409707868099213, "loss": 0.2639270994067192, "loss_cls": 0.07983205579221249, "loss_bbox": 0.16729972898960113, "loss_dir": 0.016795313768088817, "time": 0.272768988609314, "epoch": 1, "iter": 400, "memory": 3130, "step": 400}
{"lr": 0.0018205297024609171, "data_time": 0.0038544845581054686, "grad_norm": 0.6232352560758591, "loss": 0.2510318917036056, "loss_cls": 0.07411093071103096, "loss_bbox": 0.16021297588944436, "loss_dir": 0.016707983780652285, "time": 0.27511139869689943, "epoch": 1, "iter": 450, "memory": 3146, "step": 450}
{"lr": 0.0018253540830403953, "data_time": 0.0028136444091796877, "grad_norm": 0.5929387778043747, "loss": 0.2644858452677727, "loss_cls": 0.08026565976440907, "loss_bbox": 0.16865618169307708, "loss_dir": 0.015564003842882812, "time": 0.2730276203155518, "epoch": 1, "iter": 500, "memory": 3191, "step": 500}
{"lr": 0.0018306862484361516, "data_time": 0.002524609565734863, "grad_norm": 0.6166617846488953, "loss": 0.2665924614667892, "loss_cls": 0.08164223022758961, "loss_bbox": 0.1705449965596199, "loss_dir": 0.014405234046280383, "time": 0.27440332889556884, "epoch": 1, "iter": 550, "memory": 3141, "step": 550}
{"lr": 0.0018365258633279008, "data_time": 0.003026595115661621, "grad_norm": 0.6131972497701645, "loss": 0.2686800494790077, "loss_cls": 0.07902775786817073, "loss_bbox": 0.17237821593880653, "loss_dir": 0.017274076705798506, "time": 0.2727330780029297, "epoch": 1, "iter": 600, "memory": 3142, "step": 600}
{"lr": 0.0018428725604837208, "data_time": 0.0029793405532836915, "grad_norm": 0.6071406525373458, "loss": 0.2830662077665329, "loss_cls": 0.08751098930835724, "loss_bbox": 0.17745340406894683, "loss_dir": 0.01810181184671819, "time": 0.2745460414886475, "epoch": 1, "iter": 650, "memory": 3149, "step": 650}
{"lr": 0.001849725940783125, "data_time": 0.003077545166015625, "grad_norm": 0.6041249191761017, "loss": 0.2647688594460487, "loss_cls": 0.07809648379683494, "loss_bbox": 0.1685745610296726, "loss_dir": 0.0180978134367615, "time": 0.27544843196868896, "epoch": 1, "iter": 700, "memory": 3200, "step": 700}
{"lr": 0.0018570855732422155, "data_time": 0.002795395851135254, "grad_norm": 0.596613689661026, "loss": 0.2667086824774742, "loss_cls": 0.08256051406264305, "loss_bbox": 0.16660075187683104, "loss_dir": 0.017547417022287844, "time": 0.2764579772949219, "epoch": 1, "iter": 750, "memory": 3148, "step": 750}
{"lr": 0.0018649509950407692, "data_time": 0.0027025794982910157, "grad_norm": 0.5976408565044403, "loss": 0.259487606883049, "loss_cls": 0.07820912063121796, "loss_bbox": 0.16497687444090844, "loss_dir": 0.0163016099948436, "time": 0.27359752178192137, "epoch": 1, "iter": 800, "memory": 3176, "step": 800}
{"lr": 0.0018733217115512873, "data_time": 0.0038382244110107423, "grad_norm": 0.6352486526966095, "loss": 0.2712564796209335, "loss_cls": 0.08144232906401157, "loss_bbox": 0.1720818653702736, "loss_dir": 0.017732287091203034, "time": 0.2750867033004761, "epoch": 1, "iter": 850, "memory": 3147, "step": 850}
{"lr": 0.0018821971963701514, "data_time": 0.0030829191207885744, "grad_norm": 0.5952498918771744, "loss": 0.27467638820409773, "loss_cls": 0.08187374591827393, "loss_bbox": 0.1759663327038288, "loss_dir": 0.01683630734682083, "time": 0.27467588424682615, "epoch": 1, "iter": 900, "memory": 3134, "step": 900}
{"lr": 0.0018915768913507457, "data_time": 0.0024493980407714845, "grad_norm": 0.5918638265132904, "loss": 0.25414320528507234, "loss_cls": 0.07629895061254502, "loss_bbox": 0.1621456989645958, "loss_dir": 0.01569855498149991, "time": 0.2731582975387573, "epoch": 1, "iter": 950, "memory": 3144, "step": 950}
{"lr": 0.0019014602066384917, "data_time": 0.0026809358596801757, "grad_norm": 0.5923340326547623, "loss": 0.270878829061985, "loss_cls": 0.08436255261301995, "loss_bbox": 0.16755297437310218, "loss_dir": 0.01896330190822482, "time": 0.2767248487472534, "epoch": 1, "iter": 1000, "memory": 3170, "step": 1000}
{"lr": 0.0019118465207080167, "data_time": 0.00326657772064209, "grad_norm": 0.5827307850122452, "loss": 0.2706364804506302, "loss_cls": 0.08151302836835385, "loss_bbox": 0.1731775611639023, "loss_dir": 0.015945894178003073, "time": 0.27383822917938233, "epoch": 1, "iter": 1050, "memory": 3135, "step": 1050}
{"lr": 0.0019227351804022054, "data_time": 0.002770228385925293, "grad_norm": 0.6180367678403854, "loss": 0.26285558491945266, "loss_cls": 0.08035203211009502, "loss_bbox": 0.16553747564554214, "loss_dir": 0.01696607844904065, "time": 0.27309921741485593, "epoch": 1, "iter": 1100, "memory": 3163, "step": 1100}
{"lr": 0.001934125500973223, "data_time": 0.002125434875488281, "grad_norm": 0.5759400320053101, "loss": 0.2612022179365158, "loss_cls": 0.0793576917797327, "loss_bbox": 0.16695470079779626, "loss_dir": 0.014889825023710728, "time": 0.27299736499786376, "epoch": 1, "iter": 1150, "memory": 3151, "step": 1150}
{"lr": 0.0019460167661256786, "data_time": 0.002367396354675293, "grad_norm": 0.5928806799650193, "loss": 0.26738320767879487, "loss_cls": 0.07750428684055805, "loss_bbox": 0.17197609290480614, "loss_dir": 0.01790282708592713, "time": 0.27513782024383543, "epoch": 1, "iter": 1200, "memory": 3126, "step": 1200}
{"Kitti metric/pred_instances_3d/KITTI/Car_3D_AP11_easy_strict": 88.3799, "Kitti metric/pred_instances_3d/KITTI/Car_BEV_AP11_easy_strict": 90.0963, "Kitti metric/pred_instances_3d/KITTI/Car_2D_AP11_easy_strict": 95.3774, "Kitti metric/pred_instances_3d/KITTI/Car_3D_AP11_moderate_strict": 77.7616, "Kitti metric/pred_instances_3d/KITTI/Car_BEV_AP11_moderate_strict": 87.4582, "Kitti metric/pred_instances_3d/KITTI/Car_2D_AP11_moderate_strict": 89.8326,