{"lr": 0.00022526838490329396, "data_time": 1.4064671277999878, "grad_norm": Infinity, "loss": 0.26393612146377565, "loss_cls": 0.08114402674138546, "loss_bbox": 0.16529153451323508, "loss_dir": 0.017500561433844267, "time": 1.8950520515441895, "epoch": 1, "iter": 50, "memory": 3153, "step": 50}
{"lr": 0.0002260955433710382, "data_time": 0.0041569662094116215, "grad_norm": 0.6956673395633698, "loss": 0.24426233023405075, "loss_cls": 0.07539157666265965, "loss_bbox": 0.1548874458670616, "loss_dir": 0.01398330788128078, "time": 0.27129902839660647, "epoch": 1, "iter": 100, "memory": 3120, "step": 100}
{"lr": 0.00022748153516728362, "data_time": 0.004069585800170899, "grad_norm": 0.6922172039747239, "loss": 0.253087560236454, "loss_cls": 0.07706757448613644, "loss_bbox": 0.15879906371235847, "loss_dir": 0.017220922755077483, "time": 0.2689076948165894, "epoch": 1, "iter": 150, "memory": 3158, "step": 150}
{"lr": 0.00022942627313215017, "data_time": 0.003218679428100586, "grad_norm": 0.6070548683404923, "loss": 0.25704557240009307, "loss_cls": 0.0784589546173811, "loss_bbox": 0.16295769900083543, "loss_dir": 0.015628917268477382, "time": 0.2684161710739136, "epoch": 1, "iter": 200, "memory": 3128, "step": 200}
{"lr": 0.00023192963496818444, "data_time": 0.0039058589935302736, "grad_norm": 0.5870000630617142, "loss": 0.2580801659822464, "loss_cls": 0.0805356415361166, "loss_bbox": 0.1635049457848072, "loss_dir": 0.014039579229429364, "time": 0.27394375801086424, "epoch": 1, "iter": 250, "memory": 3129, "step": 250}
{"lr": 0.00023499146324815548, "data_time": 0.003134799003601074, "grad_norm": 0.5755564969778061, "loss": 0.24083373963832855, "loss_cls": 0.07303564988076687, "loss_bbox": 0.15244497388601302, "loss_dir": 0.015353115210309624, "time": 0.2752732515335083, "epoch": 1, "iter": 300, "memory": 3162, "step": 300}
{"lr": 0.00023861156542492531, "data_time": 0.0036281633377075197, "grad_norm": 0.6715117985010147, "loss": 0.24490297317504883, "loss_cls": 0.07499988488852978, "loss_bbox": 0.15604628935456277, "loss_dir": 0.013856799313798547, "time": 0.278069953918457, "epoch": 1, "iter": 350, "memory": 3135, "step": 350}
{"lr": 0.00024278971384357126, "data_time": 0.002631826400756836, "grad_norm": 0.7524622732400894, "loss": 0.2350295016169548, "loss_cls": 0.0724494881927967, "loss_bbox": 0.14886527478694916, "loss_dir": 0.01371473961044103, "time": 0.2743457269668579, "epoch": 1, "iter": 400, "memory": 3153, "step": 400}
{"lr": 0.0002475256457557008, "data_time": 0.0024933719635009764, "grad_norm": 0.6278323894739151, "loss": 0.2503634613752365, "loss_cls": 0.07905924640595913, "loss_bbox": 0.15599111944437027, "loss_dir": 0.015313095287419856, "time": 0.27524340629577637, "epoch": 1, "iter": 450, "memory": 3154, "step": 450}
{"lr": 0.00025281906333595935, "data_time": 0.0030621767044067385, "grad_norm": 0.5806703889369964, "loss": 0.24783136308193207, "loss_cls": 0.07556401662528515, "loss_bbox": 0.15804474279284478, "loss_dir": 0.014222603593952953, "time": 0.27542738914489745, "epoch": 1, "iter": 500, "memory": 3135, "step": 500}
{"lr": 0.0002586696337007373, "data_time": 0.0026496601104736327, "grad_norm": 0.5661817139387131, "loss": 0.24482760608196258, "loss_cls": 0.07567529767751693, "loss_bbox": 0.15394186109304428, "loss_dir": 0.015210446054115891, "time": 0.27731231689453123, "epoch": 1, "iter": 550, "memory": 3163, "step": 550}
{"lr": 0.00026507698892917417, "data_time": 0.0031111860275268555, "grad_norm": 0.5403341645002365, "loss": 0.23608899921178816, "loss_cls": 0.07320453062653541, "loss_bbox": 0.1467935883998871, "loss_dir": 0.016090879063121975, "time": 0.2761676549911499, "epoch": 1, "iter": 600, "memory": 3145, "step": 600}
{"lr": 0.0002720407260862513, "data_time": 0.003956656455993652, "grad_norm": 0.569259741306305, "loss": 0.261867752969265, "loss_cls": 0.08174228444695472, "loss_bbox": 0.16191047713160514, "loss_dir": 0.018214992466382682, "time": 0.2773353624343872, "epoch": 1, "iter": 650, "memory": 3154, "step": 650}
{"lr": 0.00027956040724809797, "data_time": 0.0030341482162475585, "grad_norm": 0.6173622018098831, "loss": 0.24787881731987, "loss_cls": 0.07554271578788757, "loss_bbox": 0.15727294638752937, "loss_dir": 0.015063154073432087, "time": 0.27675972938537596, "epoch": 1, "iter": 700, "memory": 3183, "step": 700}
{"lr": 0.00028763555952962885, "data_time": 0.003948049545288086, "grad_norm": 0.5536322671175004, "loss": 0.2308440798521042, "loss_cls": 0.07074584789574147, "loss_bbox": 0.14545174062252045, "loss_dir": 0.0146464913059026, "time": 0.2762505292892456, "epoch": 1, "iter": 750, "memory": 3174, "step": 750}
{"lr": 0.00029626567511414903, "data_time": 0.0028911256790161133, "grad_norm": 0.509087364077568, "loss": 0.23996000558137895, "loss_cls": 0.07265335820615292, "loss_bbox": 0.1531660294532776, "loss_dir": 0.01414061983115971, "time": 0.2765583086013794, "epoch": 1, "iter": 800, "memory": 3164, "step": 800}
{"lr": 0.00030545021128540115, "data_time": 0.00336275577545166, "grad_norm": 0.5259316420555115, "loss": 0.24019950211048127, "loss_cls": 0.07400351382791996, "loss_bbox": 0.15176665112376214, "loss_dir": 0.01442933686543256, "time": 0.27763181686401367, "epoch": 1, "iter": 850, "memory": 3135, "step": 850}
{"lr": 0.0003151885904616597, "data_time": 0.004003195762634277, "grad_norm": 0.5366826438903809, "loss": 0.25450330078601835, "loss_cls": 0.07954886853694916, "loss_bbox": 0.1594976517558098, "loss_dir": 0.015456780400127173, "time": 0.27657936573028563, "epoch": 1, "iter": 900, "memory": 3162, "step": 900}
{"lr": 0.0003254802002320249, "data_time": 0.002940077781677246, "grad_norm": 0.5746610105037689, "loss": 0.26258580476045607, "loss_cls": 0.0828278785571456, "loss_bbox": 0.16545805111527442, "loss_dir": 0.014299874771386384, "time": 0.27697211265563965, "epoch": 1, "iter": 950, "memory": 3127, "step": 950}
{"lr": 0.00033632439339498915, "data_time": 0.0038443660736083986, "grad_norm": 0.5225361740589142, "loss": 0.24722959518432616, "loss_cls": 0.07749476201832295, "loss_bbox": 0.15633027896285057, "loss_dir": 0.013404555460438132, "time": 0.27783610820770266, "epoch": 1, "iter": 1000, "memory": 3137, "step": 1000}
{"lr": 0.0003477204879990606, "data_time": 0.002044239044189453, "grad_norm": 0.5070651006698609, "loss": 0.23577937573194505, "loss_cls": 0.07158750824630261, "loss_bbox": 0.1503076285123825, "loss_dir": 0.013884239350445568, "time": 0.2794138669967651, "epoch": 1, "iter": 1050, "memory": 3164, "step": 1050}
{"lr": 0.0003596677673857289, "data_time": 0.004054903984069824, "grad_norm": 0.518292253613472, "loss": 0.25713344871997834, "loss_cls": 0.08047962963581085, "loss_bbox": 0.15980751559138298, "loss_dir": 0.016846303828060627, "time": 0.27826953887939454, "epoch": 1, "iter": 1100, "memory": 3133, "step": 1100}
{"lr": 0.0003721654802344848, "data_time": 0.003366842269897461, "grad_norm": 0.5288657081127167, "loss": 0.2668007346987724, "loss_cls": 0.08190785884857178, "loss_bbox": 0.16912154495716095, "loss_dir": 0.015771329067647458, "time": 0.27716651916503904, "epoch": 1, "iter": 1150, "memory": 3153, "step": 1150}
{"lr": 0.0003852128406100809, "data_time": 0.003400897979736328, "grad_norm": 0.5181375396251678, "loss": 0.2440782007575035, "loss_cls": 0.07673250488936902, "loss_bbox": 0.15378688156604767, "loss_dir": 0.013558816807344555, "time": 0.2767623710632324, "epoch": 1, "iter": 1200, "memory": 3160, "step": 1200}
{"Kitti metric/pred_instances_3d/KITTI/Car_3D_AP11_easy_strict": 88.5391, "Kitti metric/pred_instances_3d/KITTI/Car_BEV_AP11_easy_strict": 90.0992, "Kitti metric/pred_instances_3d/KITTI/Car_2D_AP11_easy_strict": 95.0532, "Kitti metric/pred_instances_3d/KITTI/Car_3D_AP11_moderate_strict": 78.2319, "Kitti metric/pred_instances_3d/KITTI/Car_BEV_AP11_moderate_strict": 87.6095, "Kitti metric/pred_instances_3d/KITTI/Car_2D_AP11_moderate_strict": 89.7301,