{"lr": 0.00022526838490329396, "data_time": 1.3492779111862183, "grad_norm": Infinity, "loss": 0.27351063132286074, "loss_cls": 0.08661259658634662, "loss_bbox": 0.16854780688881874, "loss_dir": 0.018350225994363426, "time": 1.8559101486206055, "epoch": 1, "iter": 50, "memory": 3142, "step": 50}
{"lr": 0.0002260955433710382, "data_time": 0.003505692481994629, "grad_norm": 1.210574014186859, "loss": 0.25271142601966856, "loss_cls": 0.07707809895277024, "loss_bbox": 0.15872825518250466, "loss_dir": 0.0169050718517974, "time": 0.2651791954040527, "epoch": 1, "iter": 100, "memory": 3145, "step": 100}
