{"lr": 0.0018002446039624802, "data_time": 1.3738479328155517, "grad_norm": 0.8065990942716599, "loss": 0.26165685027837754, "loss_cls": 0.07772075317800045, "loss_bbox": 0.16663456887006758, "loss_dir": 0.017301529003307222, "time": 1.8664901304244994, "epoch": 1, "iter": 50, "memory": 3158, "step": 50}
{"lr": 0.001800998469907774, "data_time": 0.0031203556060791014, "grad_norm": 0.6487537139654159, "loss": 0.26763812273740767, "loss_cls": 0.08197410933673382, "loss_bbox": 0.16940837755799293, "loss_dir": 0.01625563773792237, "time": 0.26995211601257324, "epoch": 1, "iter": 100, "memory": 3173, "step": 100}
{"lr": 0.0018022616523043662, "data_time": 0.0026151037216186526, "grad_norm": 0.6457981920242309, "loss": 0.28362965434789655, "loss_cls": 0.08619826897978783, "loss_bbox": 0.1770816893875599, "loss_dir": 0.020349696958437562, "time": 0.2686011028289795, "epoch": 1, "iter": 150, "memory": 3155, "step": 150}
{"lr": 0.0018040340717153797, "data_time": 0.003301544189453125, "grad_norm": 0.5958450824022293, "loss": 0.2504832997918129, "loss_cls": 0.07827687352895736, "loss_bbox": 0.1589302095770836, "loss_dir": 0.013276216457597911, "time": 0.2729372692108154, "epoch": 1, "iter": 200, "memory": 3149, "step": 200}
{"lr": 0.0018063156166798627, "data_time": 0.0014723539352416992, "grad_norm": 0.5565024119615555, "loss": 0.25864047825336456, "loss_cls": 0.07594826452434063, "loss_bbox": 0.16672244042158127, "loss_dir": 0.01596977231092751, "time": 0.26842655658721926, "epoch": 1, "iter": 250, "memory": 3138, "step": 250}
{"lr": 0.0018091061437198429, "data_time": 0.002834458351135254, "grad_norm": 0.5602964556217194, "loss": 0.25826510936021807, "loss_cls": 0.07798891618847847, "loss_bbox": 0.16212501287460326, "loss_dir": 0.018151181917637586, "time": 0.2705712938308716, "epoch": 1, "iter": 300, "memory": 3136, "step": 300}
{"lr": 0.0018124054773493124, "data_time": 0.0029819917678833006, "grad_norm": 0.5617060256004334, "loss": 0.27321488052606585, "loss_cls": 0.08402546405792237, "loss_bbox": 0.17351530238986015, "loss_dir": 0.01567411531228572, "time": 0.2732973003387451, "epoch": 1, "iter": 350, "memory": 3131, "step": 350}
{"lr": 0.0018162134100852996, "data_time": 0.0029300451278686523, "grad_norm": 0.5953589177131653, "loss": 0.26995545119047165, "loss_cls": 0.08246228449046612, "loss_bbox": 0.17274114951491357, "loss_dir": 0.014752017059363425, "time": 0.272541823387146, "epoch": 1, "iter": 400, "memory": 3139, "step": 400}
{"lr": 0.0018205297024609171, "data_time": 0.0028739166259765625, "grad_norm": 0.6065182143449783, "loss": 0.2841001158952713, "loss_cls": 0.08588286012411117, "loss_bbox": 0.179669149518013, "loss_dir": 0.018548107827082275, "time": 0.27480321407318115, "epoch": 1, "iter": 450, "memory": 3178, "step": 450}
{"lr": 0.0018253540830403953, "data_time": 0.003198070526123047, "grad_norm": 0.6471999990940094, "loss": 0.2721772834658623, "loss_cls": 0.08437612891197205, "loss_bbox": 0.17025719001889228, "loss_dir": 0.017543964684009553, "time": 0.2712740659713745, "epoch": 1, "iter": 500, "memory": 3161, "step": 500}
{"lr": 0.0018306862484361516, "data_time": 0.003415532112121582, "grad_norm": 0.6007142144441605, "loss": 0.2612835043668747, "loss_cls": 0.08035037904977799, "loss_bbox": 0.16429677873849868, "loss_dir": 0.01663634673692286, "time": 0.27503236293792727, "epoch": 1, "iter": 550, "memory": 3144, "step": 550}
{"lr": 0.0018365258633279008, "data_time": 0.0025037860870361327, "grad_norm": 0.5715923643112183, "loss": 0.25534996956586836, "loss_cls": 0.07981702096760274, "loss_bbox": 0.15915097638964654, "loss_dir": 0.016381973084062338, "time": 0.2726001834869385, "epoch": 1, "iter": 600, "memory": 3175, "step": 600}
{"lr": 0.0018428725604837208, "data_time": 0.003379945755004883, "grad_norm": 0.5843354344367981, "loss": 0.26650903195142744, "loss_cls": 0.08087263114750386, "loss_bbox": 0.16953372582793236, "loss_dir": 0.01610267652431503, "time": 0.2747492265701294, "epoch": 1, "iter": 650, "memory": 3134, "step": 650}
{"lr": 0.001849725940783125, "data_time": 0.0029358339309692384, "grad_norm": 0.5825043910741806, "loss": 0.26880767226219177, "loss_cls": 0.08039736934006214, "loss_bbox": 0.1713869582116604, "loss_dir": 0.017023346461355685, "time": 0.2725306844711304, "epoch": 1, "iter": 700, "memory": 3144, "step": 700}
{"lr": 0.0018570855732422155, "data_time": 0.0032328128814697265, "grad_norm": 0.5604590094089508, "loss": 0.25967453062534335, "loss_cls": 0.07855014890432357, "loss_bbox": 0.16409728944301605, "loss_dir": 0.01702709211036563, "time": 0.2734218740463257, "epoch": 1, "iter": 750, "memory": 3149, "step": 750}
{"lr": 0.0018649509950407692, "data_time": 0.00294187068939209, "grad_norm": 0.6214313524961471, "loss": 0.271098250746727, "loss_cls": 0.0819785462319851, "loss_bbox": 0.17056199431419372, "loss_dir": 0.018557707173749806, "time": 0.2739344930648804, "epoch": 1, "iter": 800, "memory": 3128, "step": 800}
{"lr": 0.0018733217115512873, "data_time": 0.0024770545959472657, "grad_norm": 0.5705732011795044, "loss": 0.26276758044958115, "loss_cls": 0.08023088753223419, "loss_bbox": 0.16746131375432013, "loss_dir": 0.01507538123987615, "time": 0.2732841348648071, "epoch": 1, "iter": 850, "memory": 3179, "step": 850}
{"lr": 0.0018821971963701514, "data_time": 0.002259058952331543, "grad_norm": 0.5691626530885696, "loss": 0.2658865547180176, "loss_cls": 0.0844977705925703, "loss_bbox": 0.16631488457322122, "loss_dir": 0.01507390093524009, "time": 0.2734326601028442, "epoch": 1, "iter": 900, "memory": 3152, "step": 900}
{"lr": 0.0018915768913507457, "data_time": 0.0028039884567260744, "grad_norm": 0.5570576405525207, "loss": 0.27740175753831864, "loss_cls": 0.08634087316691876, "loss_bbox": 0.17275649547576905, "loss_dir": 0.018304389771074056, "time": 0.27113344669342043, "epoch": 1, "iter": 950, "memory": 3133, "step": 950}
{"lr": 0.0019014602066384917, "data_time": 0.002084174156188965, "grad_norm": 0.5830233460664749, "loss": 0.25937865614891054, "loss_cls": 0.07747428338974714, "loss_bbox": 0.1653260435163975, "loss_dir": 0.016578330821357668, "time": 0.2747333908081055, "epoch": 1, "iter": 1000, "memory": 3127, "step": 1000}
{"lr": 0.0019118465207080167, "data_time": 0.0021529197692871094, "grad_norm": 0.5922211700677872, "loss": 0.24978504478931426, "loss_cls": 0.07572210900485515, "loss_bbox": 0.15873568549752234, "loss_dir": 0.015327249797992408, "time": 0.27072136878967284, "epoch": 1, "iter": 1050, "memory": 3172, "step": 1050}
{"lr": 0.0019227351804022054, "data_time": 0.003748459815979004, "grad_norm": 0.6164502489566803, "loss": 0.26318199306726453, "loss_cls": 0.07969014912843704, "loss_bbox": 0.16632196962833404, "loss_dir": 0.017169874431565403, "time": 0.2735351324081421, "epoch": 1, "iter": 1100, "memory": 3139, "step": 1100}
{"lr": 0.001934125500973223, "data_time": 0.002870059013366699, "grad_norm": 0.6163148581981659, "loss": 0.2790956225991249, "loss_cls": 0.08629885263741016, "loss_bbox": 0.17719536110758782, "loss_dir": 0.015601408900693059, "time": 0.2706033754348755, "epoch": 1, "iter": 1150, "memory": 3127, "step": 1150}
{"lr": 0.0019460167661256786, "data_time": 0.0029636526107788084, "grad_norm": 0.542532063126564, "loss": 0.2512740045785904, "loss_cls": 0.07764056473970413, "loss_bbox": 0.1585816179215908, "loss_dir": 0.015051820673979819, "time": 0.27567893505096436, "epoch": 1, "iter": 1200, "memory": 3134, "step": 1200}
{"Kitti metric/pred_instances_3d/KITTI/Car_3D_AP11_easy_strict": 88.478, "Kitti metric/pred_instances_3d/KITTI/Car_BEV_AP11_easy_strict": 90.3069, "Kitti metric/pred_instances_3d/KITTI/Car_2D_AP11_easy_strict": 94.6614, "Kitti metric/pred_instances_3d/KITTI/Car_3D_AP11_moderate_strict": 77.8679, "Kitti metric/pred_instances_3d/KITTI/Car_BEV_AP11_moderate_strict": 87.8845, "Kitti metric/pred_instances_3d/KITTI/Car_2D_AP11_moderate_strict": 89.8242,