{"lr": 0.0018002446039624802, "data_time": 1.3568300533294677, "grad_norm": 0.728299320936203, "loss": 0.2737636634707451, "loss_cls": 0.08490642599761486, "loss_bbox": 0.17315569460392, "loss_dir": 0.015701542794704437, "time": 1.8912680912017823, "epoch": 1, "iter": 50, "memory": 5475, "step": 50}
