{"lr": 0.00022526838490329396, "data_time": 1.3562359714508057, "grad_norm": Infinity, "loss": 0.31181655913591383, "loss_cls": 0.10212245538830757, "loss_bbox": 0.18667933568358422, "loss_dir": 0.02301476813852787, "time": 1.839305167198181, "epoch": 1, "iter": 50, "memory": 3125, "step": 50}
{"lr": 0.0002260955433710382, "data_time": 0.002894454002380371, "grad_norm": 0.921797553896904, "loss": 0.2765845626592636, "loss_cls": 0.08929331362247467, "loss_bbox": 0.16849296316504478, "loss_dir": 0.018798288526013493, "time": 0.2659266519546509, "epoch": 1, "iter": 100, "memory": 3172, "step": 100}
{"lr": 0.00022748153516728362, "data_time": 0.002433357238769531, "grad_norm": 0.7404749208688736, "loss": 0.27786195814609527, "loss_cls": 0.0890199975669384, "loss_bbox": 0.17033433571457862, "loss_dir": 0.018507627244107424, "time": 0.26862388610839844, "epoch": 1, "iter": 150, "memory": 3141, "step": 150}
{"lr": 0.00022942627313215017, "data_time": 0.003649454116821289, "grad_norm": 0.7115828162431717, "loss": 0.24298459082841872, "loss_cls": 0.07487544491887092, "loss_bbox": 0.15055820226669311, "loss_dir": 0.017550941607914865, "time": 0.2708152437210083, "epoch": 1, "iter": 200, "memory": 3142, "step": 200}
{"lr": 0.00023192963496818444, "data_time": 0.0031738853454589843, "grad_norm": 0.6671070790290833, "loss": 0.25382343262434004, "loss_cls": 0.07919390037655831, "loss_bbox": 0.15914783596992493, "loss_dir": 0.015481698093935847, "time": 0.26742967128753664, "epoch": 1, "iter": 250, "memory": 3151, "step": 250}
{"lr": 0.00023499146324815548, "data_time": 0.002022089958190918, "grad_norm": 0.6143650823831558, "loss": 0.2566248506307602, "loss_cls": 0.07921862654387951, "loss_bbox": 0.16211058109998702, "loss_dir": 0.015295642516575754, "time": 0.2687512826919556, "epoch": 1, "iter": 300, "memory": 3149, "step": 300}
{"lr": 0.00023861156542492531, "data_time": 0.0021252822875976562, "grad_norm": 0.5587123352289199, "loss": 0.24208806216716766, "loss_cls": 0.07349426619708538, "loss_bbox": 0.1522809162735939, "loss_dir": 0.016312881261110305, "time": 0.2683267688751221, "epoch": 1, "iter": 350, "memory": 3123, "step": 350}
{"lr": 0.00024278971384357126, "data_time": 0.0019913721084594727, "grad_norm": 0.5914655369520188, "loss": 0.26094436049461367, "loss_cls": 0.08121513791382312, "loss_bbox": 0.16422489613294602, "loss_dir": 0.015504327565431596, "time": 0.2696147108078003, "epoch": 1, "iter": 400, "memory": 3158, "step": 400}
{"lr": 0.0002475256457557008, "data_time": 0.003286123275756836, "grad_norm": 0.5815730130672455, "loss": 0.2591256532073021, "loss_cls": 0.07915724255144596, "loss_bbox": 0.1633621409535408, "loss_dir": 0.016606271164491773, "time": 0.27504748344421387, "epoch": 1, "iter": 450, "memory": 3134, "step": 450}
{"lr": 0.00025281906333595935, "data_time": 0.002141537666320801, "grad_norm": 0.5585913634300232, "loss": 0.25304744988679884, "loss_cls": 0.08153590340167284, "loss_bbox": 0.15603587716817857, "loss_dir": 0.015475671337917447, "time": 0.2699606561660767, "epoch": 1, "iter": 500, "memory": 3162, "step": 500}
{"lr": 0.0002586696337007373, "data_time": 0.0023073244094848635, "grad_norm": 0.5422194480895997, "loss": 0.2512946578860283, "loss_cls": 0.07990954630076885, "loss_bbox": 0.1555046871304512, "loss_dir": 0.015880424743518234, "time": 0.2718064403533936, "epoch": 1, "iter": 550, "memory": 3121, "step": 550}
{"lr": 0.00026507698892917417, "data_time": 0.0032723522186279296, "grad_norm": 0.5123288691043854, "loss": 0.2546762689948082, "loss_cls": 0.07794752545654773, "loss_bbox": 0.16226865977048874, "loss_dir": 0.01446008454542607, "time": 0.2713961362838745, "epoch": 1, "iter": 600, "memory": 3194, "step": 600}
{"lr": 0.0002720407260862513, "data_time": 0.003182053565979004, "grad_norm": 0.5498860371112824, "loss": 0.25611369758844377, "loss_cls": 0.07655252762138844, "loss_bbox": 0.16202781111001968, "loss_dir": 0.017533360235393047, "time": 0.27374845027923583, "epoch": 1, "iter": 650, "memory": 3139, "step": 650}
{"lr": 0.00027956040724809797, "data_time": 0.0029021263122558593, "grad_norm": 0.525321815609932, "loss": 0.24683428049087525, "loss_cls": 0.07543607719242573, "loss_bbox": 0.1559372854232788, "loss_dir": 0.015460917702876031, "time": 0.27818865299224854, "epoch": 1, "iter": 700, "memory": 3189, "step": 700}
{"lr": 0.00028763555952962885, "data_time": 0.002267270088195801, "grad_norm": 0.5346262931823731, "loss": 0.2529145616292954, "loss_cls": 0.07772670716047286, "loss_bbox": 0.1585926680266857, "loss_dir": 0.01659518697299063, "time": 0.27489424228668213, "epoch": 1, "iter": 750, "memory": 3153, "step": 750}
{"lr": 0.00029626567511414903, "data_time": 0.002802605628967285, "grad_norm": 0.5394386368989944, "loss": 0.24467213779687882, "loss_cls": 0.07314681485295296, "loss_bbox": 0.15491234734654427, "loss_dir": 0.0166129761794582, "time": 0.2715901708602905, "epoch": 1, "iter": 800, "memory": 3104, "step": 800}
{"lr": 0.00030545021128540115, "data_time": 0.0019581222534179685, "grad_norm": 0.5430021756887435, "loss": 0.2492222446203232, "loss_cls": 0.07682901352643967, "loss_bbox": 0.15734147936105727, "loss_dir": 0.015051749292761088, "time": 0.2699150562286377, "epoch": 1, "iter": 850, "memory": 3146, "step": 850}
{"lr": 0.0003151885904616597, "data_time": 0.0023386096954345703, "grad_norm": 0.5361883187294006, "loss": 0.2455903822183609, "loss_cls": 0.07632798425853253, "loss_bbox": 0.15521466612815857, "loss_dir": 0.01404773118905723, "time": 0.27077303409576414, "epoch": 1, "iter": 900, "memory": 3139, "step": 900}
{"lr": 0.0003254802002320249, "data_time": 0.002421255111694336, "grad_norm": 0.5326127219200134, "loss": 0.2533399659395218, "loss_cls": 0.07625159904360772, "loss_bbox": 0.16121089160442353, "loss_dir": 0.01587747641839087, "time": 0.27347206592559814, "epoch": 1, "iter": 950, "memory": 3179, "step": 950}
{"lr": 0.00033632439339498915, "data_time": 0.0027866697311401366, "grad_norm": 0.5133693605661392, "loss": 0.2510401377081871, "loss_cls": 0.07775984138250351, "loss_bbox": 0.15722356602549553, "loss_dir": 0.016056730486452578, "time": 0.2698482799530029, "epoch": 1, "iter": 1000, "memory": 3124, "step": 1000}
{"lr": 0.0003477204879990606, "data_time": 0.00208651065826416, "grad_norm": 0.509839632511139, "loss": 0.24441103160381317, "loss_cls": 0.0721150415763259, "loss_bbox": 0.15826957508921624, "loss_dir": 0.014026415257249028, "time": 0.27246645927429197, "epoch": 1, "iter": 1050, "memory": 3162, "step": 1050}
{"lr": 0.0003596677673857289, "data_time": 0.0016411113739013671, "grad_norm": 0.5020626240968704, "loss": 0.2416326054930687, "loss_cls": 0.07190832339227199, "loss_bbox": 0.1544889396429062, "loss_dir": 0.015235341526567936, "time": 0.2705778455734253, "epoch": 1, "iter": 1100, "memory": 3149, "step": 1100}
{"lr": 0.0003721654802344848, "data_time": 0.0032582664489746093, "grad_norm": 0.49342792212963105, "loss": 0.24067354202270508, "loss_cls": 0.07525843672454358, "loss_bbox": 0.15154846504330635, "loss_dir": 0.013866640785709023, "time": 0.2717365074157715, "epoch": 1, "iter": 1150, "memory": 3124, "step": 1150}
{"lr": 0.0003852128406100809, "data_time": 0.002450270652770996, "grad_norm": 0.5549966543912888, "loss": 0.2492533278465271, "loss_cls": 0.07714306212961673, "loss_bbox": 0.15791102841496468, "loss_dir": 0.014199237884022296, "time": 0.270419545173645, "epoch": 1, "iter": 1200, "memory": 3113, "step": 1200}
