{"lr": 0.0018002446039624802, "data_time": 1.3728672456741333, "grad_norm": Infinity, "loss": 0.2907775291800499, "loss_cls": 0.0903765730559826, "loss_bbox": 0.1804584400355816, "loss_dir": 0.01994251711294055, "time": 1.8616807174682617, "epoch": 1, "iter": 50, "memory": 3165, "step": 50}
{"lr": 0.001800998469907774, "data_time": 0.0034536647796630858, "grad_norm": 0.6575708454847335, "loss": 0.26034077316522597, "loss_cls": 0.07887801393866539, "loss_bbox": 0.1652175071835518, "loss_dir": 0.016245251670479775, "time": 0.26627627372741697, "epoch": 1, "iter": 100, "memory": 3181, "step": 100}
{"lr": 0.0018022616523043662, "data_time": 0.003087925910949707, "grad_norm": 0.5996407681703567, "loss": 0.27180874079465867, "loss_cls": 0.08268822446465492, "loss_bbox": 0.17130774930119513, "loss_dir": 0.017812765771523117, "time": 0.2706847143173218, "epoch": 1, "iter": 150, "memory": 3147, "step": 150}
{"lr": 0.0018040340717153797, "data_time": 0.00410250186920166, "grad_norm": 0.6516283869743347, "loss": 0.27346202075481413, "loss_cls": 0.08419867157936096, "loss_bbox": 0.17252600193023682, "loss_dir": 0.016737348726019265, "time": 0.2701570129394531, "epoch": 1, "iter": 200, "memory": 3129, "step": 200}
{"lr": 0.0018063156166798627, "data_time": 0.0031097745895385743, "grad_norm": 0.6744808983802796, "loss": 0.2735940971970558, "loss_cls": 0.08436945356428623, "loss_bbox": 0.17354164868593216, "loss_dir": 0.015682998849079012, "time": 0.27249711990356446, "epoch": 1, "iter": 250, "memory": 3121, "step": 250}
{"lr": 0.0018091061437198429, "data_time": 0.00346682071685791, "grad_norm": 0.6294523179531097, "loss": 0.2688178339600563, "loss_cls": 0.08200964309275151, "loss_bbox": 0.1728032958507538, "loss_dir": 0.014004893219098449, "time": 0.274168643951416, "epoch": 1, "iter": 300, "memory": 3142, "step": 300}
{"lr": 0.0018124054773493124, "data_time": 0.0031892538070678713, "grad_norm": 0.5626931029558182, "loss": 0.2565492808818817, "loss_cls": 0.07929937236011028, "loss_bbox": 0.16084796354174613, "loss_dir": 0.0164019457064569, "time": 0.2716303110122681, "epoch": 1, "iter": 350, "memory": 3124, "step": 350}
{"lr": 0.0018162134100852996, "data_time": 0.003480987548828125, "grad_norm": 0.531049752831459, "loss": 0.26234106093645093, "loss_cls": 0.07979223027825355, "loss_bbox": 0.16685443565249444, "loss_dir": 0.015694394442252815, "time": 0.2743983554840088, "epoch": 1, "iter": 400, "memory": 3171, "step": 400}
{"lr": 0.0018205297024609171, "data_time": 0.003202323913574219, "grad_norm": 0.5766106426715851, "loss": 0.27529303848743436, "loss_cls": 0.08684556759893894, "loss_bbox": 0.17247089222073556, "loss_dir": 0.015976580870337785, "time": 0.27437556743621827, "epoch": 1, "iter": 450, "memory": 3200, "step": 450}
{"lr": 0.0018253540830403953, "data_time": 0.002667107582092285, "grad_norm": 0.5907485884428024, "loss": 0.25173997193574904, "loss_cls": 0.07602496720850467, "loss_bbox": 0.15925542309880256, "loss_dir": 0.016459582271054388, "time": 0.2729975271224976, "epoch": 1, "iter": 500, "memory": 3139, "step": 500}
{"lr": 0.0018306862484361516, "data_time": 0.003334970474243164, "grad_norm": 0.5717148876190186, "loss": 0.2535841619968414, "loss_cls": 0.07715496487915516, "loss_bbox": 0.15920460402965544, "loss_dir": 0.017224592491984367, "time": 0.2758387231826782, "epoch": 1, "iter": 550, "memory": 3164, "step": 550}
{"lr": 0.0018365258633279008, "data_time": 0.003408660888671875, "grad_norm": 0.5434033274650574, "loss": 0.26375850796699524, "loss_cls": 0.08000015586614609, "loss_bbox": 0.16691808089613913, "loss_dir": 0.016840270580723883, "time": 0.2732605791091919, "epoch": 1, "iter": 600, "memory": 3145, "step": 600}
{"lr": 0.0018428725604837208, "data_time": 0.003325309753417969, "grad_norm": 0.5727620720863342, "loss": 0.25919141978025434, "loss_cls": 0.08012644551694394, "loss_bbox": 0.1635698802769184, "loss_dir": 0.01549509366042912, "time": 0.2762929487228394, "epoch": 1, "iter": 650, "memory": 3159, "step": 650}
{"lr": 0.001849725940783125, "data_time": 0.002489180564880371, "grad_norm": 0.5781837666034698, "loss": 0.26687773168087003, "loss_cls": 0.08285502932965755, "loss_bbox": 0.1664953951537609, "loss_dir": 0.017527305334806443, "time": 0.27260790824890135, "epoch": 1, "iter": 700, "memory": 3130, "step": 700}
{"lr": 0.0018570855732422155, "data_time": 0.0015685224533081054, "grad_norm": 0.5571797281503678, "loss": 0.26731346726417543, "loss_cls": 0.0833241618424654, "loss_bbox": 0.1672748652100563, "loss_dir": 0.016714440626092255, "time": 0.27079345226287843, "epoch": 1, "iter": 750, "memory": 3132, "step": 750}
{"lr": 0.0018649509950407692, "data_time": 0.002825913429260254, "grad_norm": 0.6015203595161438, "loss": 0.27925208121538164, "loss_cls": 0.08429430164396763, "loss_bbox": 0.17585025638341903, "loss_dir": 0.01910752097144723, "time": 0.27342180252075193, "epoch": 1, "iter": 800, "memory": 3176, "step": 800}
{"lr": 0.0018733217115512873, "data_time": 0.0022319221496582033, "grad_norm": 0.5945842009782791, "loss": 0.2563589370250702, "loss_cls": 0.07765013784170151, "loss_bbox": 0.16306276977062226, "loss_dir": 0.01564602956175804, "time": 0.27200731754302976, "epoch": 1, "iter": 850, "memory": 3161, "step": 850}
{"lr": 0.0018821971963701514, "data_time": 0.0029278182983398437, "grad_norm": 0.5812983107566834, "loss": 0.25744140416383743, "loss_cls": 0.07887451119720935, "loss_bbox": 0.1615782633423805, "loss_dir": 0.016988628329709172, "time": 0.27208691120147704, "epoch": 1, "iter": 900, "memory": 3152, "step": 900}
{"lr": 0.0018915768913507457, "data_time": 0.003140411376953125, "grad_norm": 0.5801520699262619, "loss": 0.2713363119959831, "loss_cls": 0.0880783275514841, "loss_bbox": 0.1668824627995491, "loss_dir": 0.016375525216571988, "time": 0.27372974395751953, "epoch": 1, "iter": 950, "memory": 3153, "step": 950}
{"lr": 0.0019014602066384917, "data_time": 0.002524709701538086, "grad_norm": 0.5684563338756561, "loss": 0.2652492266893387, "loss_cls": 0.08000073052942752, "loss_bbox": 0.16951788008213042, "loss_dir": 0.01573061627568677, "time": 0.2729007720947266, "epoch": 1, "iter": 1000, "memory": 3168, "step": 1000}
{"lr": 0.0019118465207080167, "data_time": 0.0023955297470092773, "grad_norm": 0.5992136836051941, "loss": 0.2614258319139481, "loss_cls": 0.07879048824310303, "loss_bbox": 0.16737282544374465, "loss_dir": 0.015262516723014414, "time": 0.27633186340332033, "epoch": 1, "iter": 1050, "memory": 3164, "step": 1050}
{"lr": 0.0019227351804022054, "data_time": 0.0018372488021850585, "grad_norm": 0.5885851150751114, "loss": 0.27140310436487197, "loss_cls": 0.08209271743893623, "loss_bbox": 0.17148809403181076, "loss_dir": 0.017822293285280465, "time": 0.27261412620544434, "epoch": 1, "iter": 1100, "memory": 3144, "step": 1100}
{"lr": 0.001934125500973223, "data_time": 0.0036657047271728515, "grad_norm": 0.5837114924192428, "loss": 0.2673851051926613, "loss_cls": 0.08099555440247058, "loss_bbox": 0.16920020252466203, "loss_dir": 0.017189349904656412, "time": 0.2718153381347656, "epoch": 1, "iter": 1150, "memory": 3153, "step": 1150}
{"lr": 0.0019460167661256786, "data_time": 0.001673111915588379, "grad_norm": 0.6412037652730942, "loss": 0.26505110681056976, "loss_cls": 0.08066523127257824, "loss_bbox": 0.16915623486042022, "loss_dir": 0.015229640826582909, "time": 0.2713343095779419, "epoch": 1, "iter": 1200, "memory": 3174, "step": 1200}
{"Kitti metric/pred_instances_3d/KITTI/Car_3D_AP11_easy_strict": 88.5628, "Kitti metric/pred_instances_3d/KITTI/Car_BEV_AP11_easy_strict": 90.1976, "Kitti metric/pred_instances_3d/KITTI/Car_2D_AP11_easy_strict": 94.9954, "Kitti metric/pred_instances_3d/KITTI/Car_3D_AP11_moderate_strict": 78.0525, "Kitti metric/pred_instances_3d/KITTI/Car_BEV_AP11_moderate_strict": 87.329, "Kitti metric/pred_instances_3d/KITTI/Car_2D_AP11_moderate_strict": 89.5548,